group,week,clicks,purchases,conversion_rate
control,31,24699.0,1841.0,0.07453743066520911
control,32,30540.0,3435.0,0.112475442043222
control,33,38069.0,3617.0,0.09501168930100606
control,34,31547.0,3765.0,0.11934573810504961
control,35,29448.0,2503.0,0.0849972833469166
test,31,19796.0,1850.0,0.09345322287330773
test,32,44890.0,4365.0,0.09723769213633326
test,33,46437.0,3241.0,0.06979348364450762
test,34,39398.0,3156.0,0.08010558911619879
test,35,30449.0,3025.0,0.09934644815921705
